id,first_name,last_name,email,gender,ip_address
1,Chrissie,Kobelt,ckobelt0@shareasale.com,Male,240.244.199.30
2,Marylou,Gorsse,mgorsse1@alexa.com,Female,197.251.88.225
3,Drud,Fearnyhough,dfearnyhough2@omniture.com,Male,91.111.114.90
4,Gertrud,Bayns,gbayns3@amazon.com,Female,52.68.193.45
5,Emmott,Thaine,ethaine4@slashdot.org,Male,13.106.20.44
6,Willette,Eustanch,weustanch5@imgur.com,Genderqueer,13.117.245.86
7,Patricia,Woodrup,pwoodrup6@parallels.com,Female,212.64.148.21
8,Alwyn,Vecard,avecard7@artisteer.com,Male,217.211.29.51
9,Lars,Learmount,llearmount8@pcworld.com,Male,229.244.209.255
10,Anetta,Cozby,acozby9@cargocollective.com,Female,216.100.204.212
11,Kenon,Thorowgood,kthorowgooda@typepad.com,Male,126.181.116.199
12,Jay,Nardrup,jnardrupb@vk.com,Non-binary,98.128.75.98
13,Tine,Le Brun,tlebrunc@wisc.edu,Female,177.143.87.214
14,Seth,Gritsunov,sgritsunovd@networkadvertising.org,Male,38.18.124.148
15,Gilberto,Seabourne,gseabournee@github.com,Male,90.81.60.208
16,Perri,MacMechan,pmacmechanf@blog.com,Female,178.24.98.23
17,Debby,Rallin,dralling@hao123.com,Female,171.197.126.99
18,Dougy,Dawdary,ddawdaryh@sfgate.com,Male,126.38.217.101
19,Lowe,Petegrew,lpetegrewi@multiply.com,Male,251.121.141.54
20,Idette,Haeslier,ihaeslierj@cnet.com,Female,52.196.142.35
21,Ardra,Machans,amachansk@unicef.org,Female,140.196.146.72
22,Shanie,Pheazey,spheazeyl@example.com,Genderfluid,126.213.68.143
23,Elbert,Rasch,eraschm@bigcartel.com,Male,160.168.43.205
24,Nikki,Maseres,nmaseresn@plala.or.jp,Male,242.110.75.100
25,Seward,Lansley,slansleyo@dell.com,Male,41.109.138.16
26,Korie,Schultes,kschultesp@xing.com,Female,76.59.232.13
27,Alfredo,Barbrook,abarbrookq@hibu.com,Male,8.14.158.234
28,Shayla,Finden,sfindenr@nationalgeographic.com,Female,240.234.16.54
29,Jamey,Pabst,jpabsts@fastcompany.com,Male,3.116.232.155
30,Gifford,Euplate,geuplatet@washington.edu,Male,67.80.130.107
31,Cozmo,Mayor,cmayoru@yale.edu,Male,109.178.91.88
32,Sheilah,Sturney,ssturneyv@noaa.gov,Female,218.250.254.212
33,Dorise,Middiff,dmiddiffw@webs.com,Female,162.137.177.53
34,Liesa,Seawright,lseawrightx@latimes.com,Female,67.239.217.225
35,Christabella,Reyner,creynery@msu.edu,Female,250.146.59.240
36,Meriel,Grimble,mgrimblez@house.gov,Female,3.170.81.221
37,Opalina,Mousdall,omousdall10@nsw.gov.au,Female,46.179.140.172
38,Barde,Kryzhov,bkryzhov11@qq.com,Genderfluid,205.253.54.60
39,Michaella,Livsey,mlivsey12@w3.org,Female,203.65.56.174
40,Charlene,Jesty,cjesty13@ezinearticles.com,Female,209.13.145.144
41,Fayette,Althorp,falthorp14@squarespace.com,Female,31.84.199.47
42,Jasmin,Alam,jalam15@surveymonkey.com,Female,221.50.19.100
43,Manon,Andretti,mandretti16@xrea.com,Female,58.105.132.141
44,Gabriela,Pauler,gpauler17@freewebs.com,Female,180.182.85.79
45,Diena,Bour,dbour18@webeden.co.uk,Female,169.52.150.205
46,Trisha,Ceely,tceely19@dyndns.org,Female,89.66.42.248
47,Rubin,Brummell,rbrummell1a@goo.gl,Male,190.62.71.226
48,Danie,Chamberlen,dchamberlen1b@mysql.com,Male,213.244.236.117
49,Inessa,Jaram,ijaram1c@acquirethisname.com,Female,61.211.18.160
50,Jacquette,Kroger,jkroger1d@storify.com,Female,182.153.177.12
51,Brade,Newson,bnewson1e@home.pl,Male,129.207.58.60
52,Ranna,Snoxell,rsnoxell1f@columbia.edu,Female,207.182.133.255
53,Martin,Whitfeld,mwhitfeld1g@liveinternet.ru,Male,5.165.5.176
54,Barbabas,Merwood,bmerwood1h@shutterfly.com,Male,102.163.110.90
55,Georges,Triplet,gtriplet1i@angelfire.com,Male,108.86.148.252
56,Lanny,Tyzack,ltyzack1j@bizjournals.com,Male,135.30.14.213
57,Terri,Clace,tclace1k@virginia.edu,Female,222.92.233.219
58,Duane,Danielsen,ddanielsen1l@reuters.com,Male,33.8.3.21
59,Leonie,Klagges,lklagges1m@cloudflare.com,Female,154.246.239.230
60,Kin,Dinnington,kdinnington1n@parallels.com,Male,26.22.233.196
61,Jolynn,Groome,jgroome1o@istockphoto.com,Female,5.64.238.245
62,Nicolai,Deviney,ndeviney1p@sciencedaily.com,Male,112.10.92.117
63,Pam,Murrock,pmurrock1q@pen.io,Female,8.65.47.172
64,Aubrie,Diboll,adiboll1r@bloglovin.com,Female,146.251.22.92
65,Eb,Beteriss,ebeteriss1s@dailymail.co.uk,Male,27.239.175.7
66,Land,Drew-Clifton,ldrewclifton1t@chronoengine.com,Male,41.254.154.44
67,Richardo,Belli,rbelli1u@mediafire.com,Male,218.138.172.164
68,Barth,Giacomello,bgiacomello1v@kickstarter.com,Male,130.136.129.16
69,Ellen,Scimone,escimone1w@nationalgeographic.com,Female,163.90.225.31
70,Candace,Kinnie,ckinnie1x@jigsy.com,Female,108.74.132.233
71,Nessa,Houchen,nhouchen1y@apple.com,Female,167.78.244.86
72,Constanta,Bourbon,cbourbon1z@chron.com,Female,139.80.75.69
73,Joshua,Bartolomivis,jbartolomivis20@economist.com,Male,158.132.94.65
74,Valeria,Simmank,vsimmank21@opera.com,Female,221.104.78.88
75,Bradly,Piquard,bpiquard22@artisteer.com,Male,196.94.75.90
76,Delia,Tanby,dtanby23@columbia.edu,Bigender,252.55.136.22
77,Carita,Garrow,cgarrow24@tuttocitta.it,Female,209.117.41.12
78,Romy,Halwell,rhalwell25@i2i.jp,Genderqueer,249.16.236.240
79,Thorsten,Gages,tgages26@skyrock.com,Male,198.198.253.235
80,Chas,Hodinton,chodinton27@businesswire.com,Male,30.136.97.89
81,Jarrid,O'Leary,joleary28@bravesites.com,Male,168.224.64.77
82,Konstance,Clementson,kclementson29@bloglines.com,Female,72.225.116.195
83,Stace,Sherwin,ssherwin2a@reverbnation.com,Female,173.35.34.90
84,Bryon,Arnason,barnason2b@networkadvertising.org,Male,172.128.69.130
85,Cary,Grishin,cgrishin2c@multiply.com,Female,164.251.251.67
86,Ogdan,Huckfield,ohuckfield2d@businesswire.com,Male,92.87.236.239
87,Gwenni,Marcome,gmarcome2e@geocities.com,Polygender,148.73.15.151
88,Kristyn,Fallowes,kfallowes2f@trellian.com,Female,170.246.35.207
89,Isiahi,Southwell,isouthwell2g@wikimedia.org,Male,128.149.205.15
90,Lulita,Kaiser,lkaiser2h@liveinternet.ru,Female,85.145.149.226
91,Polly,Freear,pfreear2i@google.co.jp,Female,83.85.103.47
92,Louie,Verey,lverey2j@topsy.com,Agender,247.104.124.64
93,Norene,Goundry,ngoundry2k@vimeo.com,Genderfluid,41.172.50.14
94,Marylou,Tummasutti,mtummasutti2l@tiny.cc,Female,107.15.124.32
95,Erskine,Brolan,ebrolan2m@csmonitor.com,Male,222.150.8.9
96,Jacintha,Ellerey,jellerey2n@pagesperso-orange.fr,Female,61.39.94.33
97,Guthry,Haslam,ghaslam2o@amazon.co.uk,Male,142.118.179.89
98,Felike,Gristock,fgristock2p@naver.com,Male,40.192.194.14
99,Si,Leadbitter,sleadbitter2q@unesco.org,Male,165.147.20.236
100,Derril,Fraanchyonok,dfraanchyonok2r@joomla.org,Male,97.89.188.74
101,Tabbie,Gunningham,tgunningham2s@ycombinator.com,Male,167.29.232.70
102,Emmalee,Allom,eallom2t@uiuc.edu,Female,244.169.67.35
103,Mohandis,Redrup,mredrup2u@deliciousdays.com,Male,145.189.81.196
104,Haydon,Brandin,hbrandin2v@google.com.br,Male,65.252.84.217
105,Jourdain,Syrett,jsyrett2w@go.com,Male,149.138.160.107
106,Jacqui,Langeren,jlangeren2x@pagesperso-orange.fr,Female,220.162.1.237
107,Tripp,Glazyer,tglazyer2y@qq.com,Male,156.37.56.12
108,Bernie,Guise,bguise2z@cpanel.net,Genderfluid,45.174.111.6
109,Elsi,Moland,emoland30@businessweek.com,Female,87.16.194.243
110,Si,Dublin,sdublin31@yandex.ru,Male,189.121.152.46
111,Lyssa,Eilhertsen,leilhertsen32@symantec.com,Female,50.27.149.85
112,Kate,Castell,kcastell33@epa.gov,Female,217.85.94.58
113,Lorenzo,Pendock,lpendock34@omniture.com,Male,237.44.36.129
114,Alvin,Brumfitt,abrumfitt35@seesaa.net,Male,239.47.10.161
115,Bradley,Draisey,bdraisey36@blogger.com,Male,240.156.234.198
116,Nina,Nolda,nnolda37@globo.com,Female,53.124.206.93
117,Fransisco,Quinell,fquinell38@home.pl,Male,114.250.197.100
118,Michelina,Halse,mhalse39@wp.com,Female,110.31.228.212
119,Lilah,Grenshiels,lgrenshiels3a@oakley.com,Female,166.188.241.3
120,Em,Benditt,ebenditt3b@trellian.com,Female,135.5.136.140
121,Isaak,Keppin,ikeppin3c@behance.net,Male,166.204.157.68
122,Melany,Rooney,mrooney3d@bing.com,Female,222.120.50.90
123,Lucina,Howles,lhowles3e@nih.gov,Female,106.146.217.144
124,Duke,Lambotin,dlambotin3f@feedburner.com,Genderqueer,88.254.252.27
125,Ira,Shreenan,ishreenan3g@wiley.com,Female,215.45.74.35
126,Norene,Ciccarello,nciccarello3h@google.pl,Female,235.35.207.214
127,Wittie,Malyan,wmalyan3i@odnoklassniki.ru,Male,170.37.224.69
128,Sampson,Buckenham,sbuckenham3j@sourceforge.net,Non-binary,213.90.136.53
129,Ragnar,McNellis,rmcnellis3k@senate.gov,Male,104.30.248.96
130,Elisha,Aujouanet,eaujouanet3l@dedecms.com,Male,30.95.141.191
131,Yolande,McIver,ymciver3m@bloglovin.com,Female,237.67.255.211
132,Caroline,Twitchings,ctwitchings3n@nhs.uk,Female,202.217.4.92